INSERT INTO provincia (nombre_provincia) VALUES ('Azuay'),('Bolívar'),('Cañar'),('Carchi'),('Chimborazo'),('Cotopaxi'),('El Oro'),('Esmeraldas'),('Galápagos'),('Guayas'),('Imbabura'),('Loja'),('Los Ríos'),('Manabí'),('Morona Santiago'),('Napo'),('Orellana'),('Pastaza'),('Pichincha'),('Santa Elena'),('Santo Domingo de los Tsáchilas'),('Sucumbíos'),('Tungurahua'),('Zamora Chinchipe');
INSERT INTO canton (id_provincia, nombre_canton) VALUES (1, 'Cuenca'),(1, 'Gualaceo'),(1, 'Paute'),(2, 'Guaranda'),(2, 'Chillanes'),(2, 'Chimbo'),(3, 'Azogues'),(3, 'Biblián'),(3, 'Cañar'),(4, 'Tulcán'),(4, 'Bolívar'),(4, 'Espejo'),(5, 'Riobamba'),(5, 'Alausí'),(5, 'Colta'),(6, 'Latacunga'),(6, 'La Maná'),(6, 'Pangua'),(7, 'Machala'),(7, 'Arenillas'),(7, 'Atahualpa'),(8, 'Esmeraldas'),(8, 'Eloy Alfaro'),(8, 'Muisne'),(9, 'San Cristóbal'),(9, 'Isabela'),(9, 'Santa Cruz'),(10, 'Guayaquil'),(10, 'Alfredo Baquerizo Moreno (Jujan)'),(10, 'Balao'),(11, 'Ibarra'),(11, 'Antonio Ante'),(11, 'Cotacachi'),(12, 'Loja'),(12, 'Calvas'),(12, 'Catamayo'),(13, 'Babahoyo'),(13, 'Baba'),(13, 'Buena Fé'),(14, 'Portoviejo'),(14, 'Bolívar'),(14, 'Chone'),(15, 'Macas'),(15, 'Gualaquiza'),(15, 'Huamboya'),(16, 'Tena'),(16, 'Archidona'),(16, 'El Chaco'),(17, 'Orellana'),(17, 'Aguarico'),(17, 'La Joya de los Sachas'),(18, 'Puyo'),(18, 'Arajuno'),(18, 'Mera'),(19, 'Quito'),(19, 'Cayambe'),(19, 'Mejía'),(20, 'Santa Elena'),(20, 'La Libertad'),(20, 'Salinas'),(21, 'Santo Domingo'),(21, 'La Concordia'),(22, 'Nueva Loja'),(23, 'Ambato'),(23, 'Baños de Agua Santa'),(23, 'Cevallos'),(23, 'Mocha'),(23, 'Patate'),(24, 'Zamora'),(24, 'Chinchipe'),(24, 'Nangaritza');

INSERT INTO parroquia (id_canton, nombre_parroquia) VALUES (1,'San Sebastián'),(1,'El Batán'),(2,'Gualaceo'),(2,'San Juan'),(3,'Güel'),(3,'Cutchil'),(4,'San José de Raranga'),(4,'San Miguel de Jima'),(5,'San Felipe de Oña'),(5,'Ludo'),(6,'Chordeleg'),(6,'La Unión'),(7,'Girón'),(7,'San Gerardo'),(8,'Nabón'),(8,'Cojitambo'),(9,'Pucará'),(9,'Daniel Córdova Toral'),(10,'Santa Isabel'),(10,'Zhaglli'),(11,'San Fernando'),(11,'El Carmen de Pijilí'),(12,'Camilo Ponce Enríquez'),(12,'El Carmen de Pijilí'),(13,'Guaranda'),(13,'Facundo Vela'),(14,'Chillanes'),(14,'San José del Tambo'),(15,'Chimbo'),(15,'San Andrés');
INSERT INTO area (id_parroquia, nombre_area) VALUES (1, 'Residencial El Bosque'),(1, 'Centro Comercial Los Pinos'),(2, 'Parque Industrial La Esperanza'),(2, 'Barrio Las Acacias'),(3, 'Zona Recreacional El Carmen'),(3, 'Conjunto Residencial La Colina'),(4, 'Barrio San Francisco'),(4, 'Complejo Deportivo Los Alamos'),(5, 'Área Verde La Floresta'),(5, 'Urbanización Los Olivos'),(6, 'Centro Histórico La Unión'),(6, 'Sector Mirador del Valle'),(7, 'Parque Principal Girón'),(7, 'Barrio San Gerardo'),(8, 'Área de Esparcimiento Nabón'),(8, 'Barrio Las Rosas'),(9, 'Zona Industrial Pucará'),(9, 'Residencial Daniel Córdova'),(10, 'Parque Lineal Santa Isabel'),(10, 'Barrio Zhaglli');

INSERT INTO unidad_operativa (id_area, nombre_unidad_operativa) VALUES (1, 'Hospital General'),(1, 'Clínica San José'),(2, 'Centro de Salud Municipal'),(2, 'Policlínico La Esperanza'),(3, 'Clínica del Rosario'),(3, 'Hospital Militar'),(4, 'Centro Médico San Lucas'),(4, 'Clínica La Paz'),(5, 'Hospital Metropolitano'),(5, 'Centro de Salud Los Olivos'),(6, 'Clínica San Martín'),(6, 'Hospital de la Ciudad'),(7, 'Centro de Especialidades Médicas'),(7, 'Policlínico Santa Rosa'),(8, 'Hospital Universitario'),(8, 'Centro de Salud del Valle'),(9, 'Clínica San Ignacio'),(9, 'Hospital Santa Ana'),(10, 'Centro de Rehabilitación Integral'),(10, 'Policlínico Las Acacias');

INSERT INTO historia_clinica (cedula, nombre_paciente, apellido_paciente, fecha_nacimiento) VALUES ('1234567890', 'Juan', 'Pérez', '1990-01-01'),('2345678901', 'María', 'Gómez', '1985-05-15'),('3456789012', 'Pedro', 'Rodríguez', '1992-08-20'),('4567890123', 'Ana', 'Martínez', '1980-03-10'),('5678901234', 'Carlos', 'Sánchez', '1998-11-25'),('6789012345', 'Laura', 'Herrera', '1987-07-02'),('7890123456', 'Gabriel', 'López', '1995-09-18'),('8901234567', 'Sofía', 'Díaz', '1983-12-05'),('9012345678', 'Eduardo', 'Ramírez', '1999-04-30'),('0123456789', 'Valentina', 'Alvarado', '1989-06-14');

INSERT INTO registro_parte_diario (cedula, codigo, numero_visita, peso_paciente, talla_paciente, fecha_registro) VALUES ('1234567890', 1, 1, 70.5, 170.0, NOW()), ('2345678901', 1, 1, 65.2, 165.5, NOW()), ('3456789012', 1, 1, 80.0, 175.0, NOW()), ('1234567890', 2, 2, 72.8, 168.5, NOW()), ('5678901234', 2, 2, 68.5, 172.0, NOW()), ('6789012345', 2, 2, 75.3, 178.0, NOW()), ('7890123456', 3, 3, 77.0, 180.0, NOW()), ('8901234567', 3, 1, 68.0, 167.5, NOW()), ('9012345678', 3, 2, 85.5, 182.5, NOW()), ('1234567890', 3, 1, 78.2, 175.5, NOW());